eid,date,arch,mode,data,aug,distill,seed,eval_token,preproc,best_epoch,epochs_run,top1_val,macro_f1_val,recall_mean_val,recall_min5_val,top1_train,gap,minutes,peak_mem_gb,degraded,assert_ok,ncm_check,git_commit,json_path,note
r50-z0-25-s42,2026-10-06,r50,Z0,25,basic,0,42,gap,"resnet50/IMAGENET1K_V2/0.485,0.456,0.406-0.229,0.224,0.225",-1,0,51.76,51.14,51.76,2.0,,,0.162,0.541,none,True,"shape=[102, 2048];refit=1.0000;knn1=0.4618;gap=0.0559;ok=False",493081e,results/r50-z0-25-s42.json,
r50-z0-100-s42,2026-10-06,r50,Z0,100,basic,0,42,gap,"resnet50/IMAGENET1K_V2/0.485,0.456,0.406-0.229,0.224,0.225",-1,0,71.27,71.29,71.27,26.0,,,0.251,0.541,none,True,"shape=[102, 2048];refit=0.8775;knn1=0.6706;gap=0.0422;ok=False",493081e,results/r50-z0-100-s42.json,
r50-z1-25-s42,2026-10-06,r50,Z1,25,basic,0,42,gap,"resnet50/IMAGENET1K_V2/0.485,0.456,0.406-0.229,0.224,0.225",26,30,65.1,63.42,65.1,10.0,100.0,34.9,5.537,0.675,none,True,,493081e,results/r50-z1-25-s42.json,
r50-z1-100-s42,2026-10-06,r50,Z1,100,basic,0,42,gap,"resnet50/IMAGENET1K_V2/0.485,0.456,0.406-0.229,0.224,0.225",21,27,88.53,88.28,88.53,50.0,100.0,11.47,10.716,0.685,none,True,,493081e,results/r50-z1-100-s42.json,
r50-z2-25-s42,2026-10-06,r50,Z2,25,basic,0,42,gap,"resnet50/IMAGENET1K_V2/0.485,0.456,0.406-0.229,0.224,0.225",14,20,64.02,61.51,64.02,4.0,100.0,35.98,5.553,1.923,none,True,,493081e,results/r50-z2-25-s42.json,
r50-z2-100-s42,2026-10-06,r50,Z2,100,basic,0,42,gap,"resnet50/IMAGENET1K_V2/0.485,0.456,0.406-0.229,0.224,0.225",15,21,93.33,93.27,93.33,62.0,100.0,6.67,6.101,1.923,none,True,,493081e,results/r50-z2-100-s42.json,
vits-z0-25-s42,2026-10-06,vits,Z0,25,basic,0,42,cls,vit_small/augreg_in21k_ft_in1k/0.5-0.5,-1,0,95.39,95.25,95.39,56.0,,,0.415,0.338,none,True,"shape=[102, 384];refit=1.0000;knn1=0.9225;gap=0.0314;ok=False",493081e,results/vits-z0-25-s42.json,
vits-z0-100-s42,2026-10-06,vits,Z0,100,basic,0,42,cls,vit_small/augreg_in21k_ft_in1k/0.5-0.5,-1,0,98.33,98.32,98.33,84.0,,,0.586,0.338,none,True,"shape=[102, 384];refit=0.9980;knn1=0.9775;gap=0.0059;ok=True",493081e,results/vits-z0-100-s42.json,
vits-z1-25-s42,2026-10-06,vits,Z1,25,basic,0,42,cls,vit_small/augreg_in21k_ft_in1k/0.5-0.5,19,25,95.39,95.15,95.39,48.0,100.0,4.61,7.346,0.465,none,True,,493081e,results/vits-z1-25-s42.json,
vits-z1-100-s42,2026-10-06,vits,Z1,100,basic,0,42,cls,vit_small/augreg_in21k_ft_in1k/0.5-0.5,10,16,99.31,99.31,99.31,88.0,100.0,0.69,5.583,0.47,none,True,,493081e,results/vits-z1-100-s42.json,
vits-z2-25-s42,2026-10-06,vits,Z2,25,basic,0,42,cls,vit_small/augreg_in21k_ft_in1k/0.5-0.5,16,22,93.43,93.09,93.43,46.0,100.0,6.57,6.722,2.078,none,True,,493081e,results/vits-z2-25-s42.json,
vits-z2-100-s42,2026-10-06,vits,Z2,100,basic,0,42,cls,vit_small/augreg_in21k_ft_in1k/0.5-0.5,4,10,98.33,98.32,98.33,84.0,99.9,1.57,5.639,2.077,none,True,,493081e,results/vits-z2-100-s42.json,
deitt-z0-25-s42,2026-10-06,deitt,Z0,25,basic,0,42,cls,"deit_tiny_distilled/fb_in1k/0.485,0.456,0.406-0.229,0.224,0.225",-1,0,55.49,54.07,55.49,4.0,,,0.337,0.155,none,True,"shape=[102, 192];refit=1.0000;knn1=0.4882;gap=0.0667;ok=False",493081e,results/deitt-z0-25-s42.json,
deitt-z0-100-s42,2026-10-06,deitt,Z0,100,basic,0,42,cls,"deit_tiny_distilled/fb_in1k/0.485,0.456,0.406-0.229,0.224,0.225",-1,0,78.14,78.1,78.14,32.0,,,0.496,0.155,none,True,"shape=[102, 192];refit=0.9412;knn1=0.7206;gap=0.0608;ok=False",493081e,results/deitt-z0-100-s42.json,
deitt-z1-25-s42,2026-10-06,deitt,Z1,25,basic,0,42,cls,"deit_tiny_distilled/fb_in1k/0.485,0.456,0.406-0.229,0.224,0.225",29,30,60.98,60.41,60.98,10.0,100.0,39.02,8.138,0.215,none,True,,493081e,results/deitt-z1-25-s42.json,
deitt-z1-100-s42,2026-10-06,deitt,Z1,100,basic,0,42,cls,"deit_tiny_distilled/fb_in1k/0.485,0.456,0.406-0.229,0.224,0.225",26,30,87.94,87.78,87.94,50.0,99.71,11.76,13.294,0.223,none,True,,493081e,results/deitt-z1-100-s42.json,
deitt-z2-25-s42,2026-10-06,deitt,Z2,25,basic,0,42,cls,"deit_tiny_distilled/fb_in1k/0.485,0.456,0.406-0.229,0.224,0.225",24,30,66.27,64.16,66.27,6.0,100.0,33.73,7.942,0.97,none,True,,493081e,results/deitt-z2-25-s42.json,
deitt-z2-100-s42,2026-10-06,deitt,Z2,100,basic,0,42,cls,"deit_tiny_distilled/fb_in1k/0.485,0.456,0.406-0.229,0.224,0.225",12,18,92.45,92.43,92.45,58.0,100.0,7.55,8.795,0.97,none,True,,493081e,results/deitt-z2-100-s42.json,
r50-z0-50-s42,2026-10-06,r50,Z0,50,basic,0,42,gap,"resnet50/IMAGENET1K_V2/0.485,0.456,0.406-0.229,0.224,0.225",-1,0,64.9,64.88,64.9,10.0,,,0.191,0.541,none,True,"shape=[102, 2048];refit=0.9196;knn1=0.5814;gap=0.0676;ok=False",493081e,results/r50-z0-50-s42.json,
vits-z0-50-s42,2026-10-06,vits,Z0,50,basic,0,42,cls,vit_small/augreg_in21k_ft_in1k/0.5-0.5,-1,0,97.94,97.88,97.94,74.0,,,0.251,0.338,none,True,"shape=[102, 384];refit=0.9980;knn1=0.9608;gap=0.0186;ok=True",493081e,results/vits-z0-50-s42.json,
deitt-z0-50-s42,2026-10-06,deitt,Z0,50,basic,0,42,cls,"deit_tiny_distilled/fb_in1k/0.485,0.456,0.406-0.229,0.224,0.225",-1,0,71.76,71.29,71.76,18.0,,,0.475,0.155,none,True,"shape=[102, 192];refit=0.9804;knn1=0.6363;gap=0.0814;ok=False",493081e,results/deitt-z0-50-s42.json,
r50-z1-50-s42,2026-10-06,r50,Z1,50,basic,0,42,gap,"resnet50/IMAGENET1K_V2/0.485,0.456,0.406-0.229,0.224,0.225",29,30,81.96,81.62,81.96,38.0,100.0,18.04,4.672,0.686,none,True,,493081e,results/r50-z1-50-s42.json,
r50-z2-50-s42,2026-10-06,r50,Z2,50,basic,0,42,gap,"resnet50/IMAGENET1K_V2/0.485,0.456,0.406-0.229,0.224,0.225",17,23,86.27,85.96,86.27,44.0,100.0,13.73,4.012,1.925,none,True,,493081e,results/r50-z2-50-s42.json,
vits-z1-50-s42,2026-10-06,vits,Z1,50,basic,0,42,cls,vit_small/augreg_in21k_ft_in1k/0.5-0.5,9,15,98.43,98.38,98.43,76.0,100.0,1.57,2.796,0.469,none,True,,493081e,results/vits-z1-50-s42.json,
vits-z2-50-s42,2026-10-06,vits,Z2,50,basic,0,42,cls,vit_small/augreg_in21k_ft_in1k/0.5-0.5,5,11,97.84,97.82,97.84,78.0,100.0,2.16,2.457,2.075,none,True,,493081e,results/vits-z2-50-s42.json,
deitt-z1-50-s42,2026-10-06,deitt,Z1,50,basic,0,42,cls,"deit_tiny_distilled/fb_in1k/0.485,0.456,0.406-0.229,0.224,0.225",18,24,79.12,78.59,79.12,24.0,100.0,20.88,3.459,0.224,none,True,,493081e,results/deitt-z1-50-s42.json,
deitt-z2-50-s42,2026-10-06,deitt,Z2,50,basic,0,42,cls,"deit_tiny_distilled/fb_in1k/0.485,0.456,0.406-0.229,0.224,0.225",16,22,85.29,84.88,85.29,38.0,100.0,14.71,5.063,0.97,none,True,,493081e,results/deitt-z2-50-s42.json,
vits1k-z1-100-s42,2026-10-06,vits1k,Z1,100,basic,0,42,cls,vit_small/augreg_in1k/0.5-0.5,9,15,84.9,84.71,84.9,44.0,98.92,14.02,6.57,0.47,none,True,,493081e,results/vits1k-z1-100-s42.json,
vits1k-z2-100-s42,2026-10-06,vits1k,Z2,100,basic,0,42,cls,vit_small/augreg_in1k/0.5-0.5,6,12,93.24,93.16,93.24,58.0,100.0,6.76,6.93,2.078,none,True,,493081e,results/vits1k-z2-100-s42.json,
vits1k-z1-25-s42,2026-10-06,vits1k,Z1,25,basic,0,42,cls,vit_small/augreg_in1k/0.5-0.5,23,29,58.04,56.59,58.04,4.0,100.0,41.96,8.863,0.465,none,True,,493081e,results/vits1k-z1-25-s42.json,
vits1k-z2-25-s42,2026-10-06,vits1k,Z2,25,basic,0,42,cls,vit_small/augreg_in1k/0.5-0.5,18,24,66.67,65.05,66.67,10.0,100.0,33.33,5.795,2.08,none,True,,493081e,results/vits1k-z2-25-s42.json,
