eid,arch,mode,data,epochs_run,best_epoch_top1,top1_at_best_top1,best_epoch_loss,val_loss_min,top1_at_best_loss,delta_top1,tail_after_best,early_stopped
deitt-z1-25-s42,deitt,Z1,25,30,29,60.98,29,1.667964,60.98,0.0,0,False
deitt-z2-25-s42,deitt,Z2,25,30,24,66.27,20,1.398028,65.98,-0.29,5,False
r50-z1-25-s42,r50,Z1,25,30,26,65.1,29,2.097659,64.71,-0.39,3,False
r50-z2-25-s42,r50,Z2,25,20,14,64.02,15,1.523674,63.43,-0.59,5,True
vits-z1-25-s42,vits,Z1,25,25,19,95.39,24,0.313886,94.71,-0.68,5,True
vits-z2-25-s42,vits,Z2,25,22,16,93.43,17,0.311975,92.84,-0.59,5,True
vits1k-z1-25-s42,vits1k,Z1,25,29,23,58.04,28,1.697374,58.04,0.0,5,True
vits1k-z2-25-s42,vits1k,Z2,25,24,18,66.67,18,1.399576,66.67,0.0,5,True
deitt-z1-50-s42,deitt,Z1,50,24,18,79.12,23,0.891069,79.02,-0.1,5,True
deitt-z2-50-s42,deitt,Z2,50,22,16,85.29,16,0.565636,85.29,0.0,5,True
r50-z1-50-s42,r50,Z1,50,30,29,81.96,29,1.108648,81.96,0.0,0,False
r50-z2-50-s42,r50,Z2,50,23,17,86.27,16,0.549696,85.88,-0.39,5,True
vits-z1-50-s42,vits,Z1,50,15,9,98.43,13,0.131242,98.43,0.0,5,True
vits-z2-50-s42,vits,Z2,50,11,5,97.84,10,0.128257,97.16,-0.68,5,True
vits1k-z1-50-s42,vits1k,Z1,50,22,16,76.27,21,0.957025,75.69,-0.58,5,True
vits1k-z2-50-s42,vits1k,Z2,50,17,11,84.61,11,0.628654,84.61,0.0,5,True
deitt-z1-100-s42,deitt,Z1,100,30,26,87.94,29,0.493004,87.35,-0.59,3,False
deitt-z2-100-s42,deitt,Z2,100,18,12,92.45,14,0.30757,92.16,-0.29,5,True
r50-z1-100-s42,r50,Z1,100,27,21,88.53,25,0.663747,87.94,-0.59,5,True
r50-z2-100-s42,r50,Z2,100,21,15,93.33,17,0.259332,93.33,0.0,5,True
vits-z1-100-s42,vits,Z1,100,16,10,99.31,15,0.062482,98.92,-0.39,5,True
vits-z2-100-s42,vits,Z2,100,10,4,98.33,4,0.077408,98.33,0.0,5,True
vits1k-z1-100-s42,vits1k,Z1,100,15,9,84.9,14,0.640784,84.9,0.0,5,True
vits1k-z2-100-s42,vits1k,Z2,100,12,6,93.24,6,0.337967,93.24,0.0,5,True
