epoch,train_loss,val_loss,val_top1,lr,seconds
0,4.657524,3.398859,0.283333,0.0001,33.34
1,3.522023,1.973707,0.616667,0.0001,14.8
2,2.968736,1.292359,0.783333,0.0001,14.16
3,2.814052,1.00239,0.833333,0.0001,26.76
4,2.782007,0.86735,0.868627,0.0001,25.72
5,2.525964,0.78438,0.87549,0.0001,25.87
6,2.393172,0.690143,0.888235,0.0001,18.61
7,2.362568,0.642911,0.888235,0.0001,13.6
8,2.34857,0.644631,0.894118,0.0001,25.84
9,2.492813,0.684955,0.885294,0.0001,26.29
10,2.329774,0.630967,0.909804,0.0001,25.18
11,2.389628,0.611334,0.898039,0.0001,27.08
12,2.485452,0.648391,0.905882,0.0001,26.47
13,2.381938,0.639921,0.902941,0.0001,26.47
14,2.450077,0.590274,0.915686,0.0001,29.08
15,2.161491,0.64939,0.905882,0.0001,28.56
16,2.229901,0.661146,0.901961,0.0001,29.69
17,2.173743,0.62709,0.911765,0.0001,29.28
18,2.228543,0.527069,0.92451,0.0001,29.53
19,2.286449,0.58816,0.903922,0.0001,29.48
20,2.231268,0.558107,0.911765,0.0001,29.45
21,2.34625,0.526045,0.923529,0.0001,28.44
22,2.318085,0.550259,0.926471,0.0001,29.83
23,2.274575,0.637748,0.916667,0.0001,30.77
24,2.179833,0.657955,0.908824,0.0001,30.94
25,2.192316,0.608883,0.914706,0.0001,28.08
26,2.406888,0.583462,0.909804,0.0001,27.02
27,2.266507,0.632591,0.912745,0.0001,25.94
